<?xml version="1.0" encoding="UTF-8" standalone="yes"?>
<addon id="plugin.video.librarygenie"
       name="LibraryGenie"
       version="0.8.21"
       provider-name="LibraryGenie Team">
  <requires>
    <import addon="xbmc.python" version="3.0.0"/>
  </requires>
  <extension point="xbmc.python.pluginsource" library="plugin.py">
    <provides>video</provides>
  </extension>
  <extension point="xbmc.service" library="service.py" start="login"/>
  <extension point="xbmc.python.script" library="utilities.py"/>
  <extension point="kodi.context.item">
    <menu id="kodi.core.main">
      <item library="context.py">
        <label>37028</label>
        <visible>!String.Contains(Container.FolderPath,plugin.video.librarygenie) + !String.Contains(ListItem.FileNameAndPath,plugin.video.librarygenie)</visible>
      </item>
    </menu>
  </extension>
  <extension point="xbmc.addon.metadata">
    <platform>all</platform>
    <summary lang="en_GB">Smart Search/list management for your Kodi library</summary>
    <description lang="en_GB">LibraryGenie provides powerful list management capabilities for your Kodi media library. Create custom lists, organize with folders, search your collection, and sync with Kodi favorites. Features include hierarchical folder organization, universal context menus, quick-add functionality, import/export capabilities, and (alpha/invite) AI-powered search integration. Access via Video Add-ons for lists or Programs for search tools.</description>
    <disclaimer lang="en_GB">This addon supplies NO videos. Requires network access for optional (alpha/invite) AI search features.</disclaimer>
    <license>MIT</license>
    <website>https://github.com/kcook98765/plugin.video.librarygenie</website>
    <email>admin@librarygenie.com</email>
    <source>https://github.com/kcook98765/plugin.video.librarygenie</source>
    <news></news>
    <assets>
      <icon>resources/list_folder_icon.png</icon>
      <fanart>resources/fanart.jpg</fanart>
    </assets>
  </extension>
</addon>