<?xml version="1.0" encoding="UTF-8" standalone="yes"?>
<addon id="repository.kcook98765" name="K Cook Addon Repo" version="1.0.0" provider-name="kcook98765">
    <extension point="xbmc.addon.repository" name="Example Repository">
        <dir>
            <info compressed="false">https://raw.githubusercontent.com/kcook98765/kcook98765.github.io/master/repo/zips/addons.xml</info>
            <checksum>https://raw.githubusercontent.com/kcook98765/kcook98765.github.io/master/repo/zips/addons.xml.md5</checksum>
            <datadir zip="true">https://raw.githubusercontent.com/kcook98765/kcook98765.github.io/master/repo/zips/</datadir>
        </dir>
    </extension>
    <extension point="xbmc.addon.metadata">
        <summary>K Cook Addon Repo</summary>
        <description>My Addon Repo</description>
        <disclaimer></disclaimer>
        <platform>all</platform>
        <assets>
            <icon>icon.png</icon>
            <fanart>fanart.jpg</fanart>
        </assets>
    </extension>
</addon>
