{"processed_items":[{"label":"Tools & Options • • Lists","url":"plugin://plugin.video.librarygenie/?action=show_list_tools&list_type=lists_main","is_folder":true,"icon":"DefaultAddonProgram.png","description":"Lists • Search, Favorites, Import/Export & Settings"},{"label":"Kodi Favorites","url":"plugin://plugin.video.librarygenie/?action=show_list&list_id=1","is_folder":true,"description":"","icon":"DefaultPlaylist.png","context_menu":[["Tools & Options for 'Kodi Favorites'","RunPlugin(plugin://plugin.video.librarygenie/?action=show_list_tools&list_type=user_list&list_id=1)"]]}],"breadcrumbs":{"directory_title":"Lists","tools_label":"Lists","tools_description":"Search, Favorites, Import/Export & Settings"},"content_type":"files","_built_at":"2025-09-29T20:30:52.838832","_folder_id":"root","_schema":4,"_build_time_ms":0}